timestamp,open,high,low,close,volume
1779028860000,77994.61000000,78000.00000000,77990.93000000,78000.00000000,2.58914000
1779028920000,78000.00000000,78017.40000000,77999.99000000,78003.74000000,4.93244000
1779028980000,78003.74000000,78007.91000000,78003.73000000,78007.90000000,1.37400000
1779029040000,78007.90000000,78007.91000000,78007.90000000,78007.91000000,1.12194000
1779029100000,78007.91000000,78052.00000000,78007.91000000,78043.59000000,2.72518000
1779029160000,78043.58000000,78072.00000000,78042.47000000,78042.48000000,2.86968000
1779029220000,78042.48000000,78059.44000000,78040.00000000,78059.44000000,2.97180000
1779029280000,78059.43000000,78059.44000000,78055.91000000,78055.91000000,2.15952000
1779029340000,78055.92000000,78070.42000000,78055.91000000,78060.85000000,5.69746000
1779029400000,78060.85000000,78060.85000000,78049.91000000,78049.91000000,1.52775000
1779029460000,78049.92000000,78049.92000000,78049.91000000,78049.92000000,0.28241000
1779029520000,78049.91000000,78049.92000000,78049.90000000,78049.91000000,1.19855000
1779029580000,78049.91000000,78049.91000000,78029.71000000,78029.72000000,3.48512000
1779029640000,78029.72000000,78078.88000000,78029.71000000,78078.88000000,5.35385000
1779029700000,78079.98000000,78091.98000000,78076.38000000,78076.38000000,8.75189000
1779029760000,78076.38000000,78076.39000000,78065.12000000,78073.99000000,4.24376000
1779029820000,78074.00000000,78077.21000000,78065.66000000,78065.66000000,1.70328000
1779029880000,78065.66000000,78065.67000000,78050.71000000,78050.72000000,1.30768000
1779029940000,78050.71000000,78054.58000000,78050.71000000,78051.51000000,1.10617000
1779030000000,78051.51000000,78051.51000000,78026.43000000,78026.43000000,3.74228000
1779030060000,78026.43000000,78044.61000000,78007.91000000,78044.60000000,1.98858000
1779030120000,78044.61000000,78065.77000000,78025.33000000,78032.22000000,3.39329000
1779030180000,78032.22000000,78063.91000000,78032.22000000,78051.44000000,1.42461000
1779030240000,78051.44000000,78071.49000000,78051.43000000,78071.17000000,6.29707000
1779030300000,78071.18000000,78078.01000000,78071.17000000,78077.89000000,3.31610000
1779030360000,78077.89000000,78106.20000000,78077.88000000,78106.19000000,6.06911000
1779030420000,78106.20000000,78114.22000000,78102.72000000,78102.73000000,1.92133000
1779030480000,78102.73000000,78102.73000000,78093.05000000,78093.05000000,4.54669000
1779030540000,78093.06000000,78097.20000000,78088.42000000,78097.20000000,0.99587000
1779030600000,78097.20000000,78119.42000000,78097.20000000,78119.42000000,1.63961000
1779030660000,78119.42000000,78119.42000000,78106.25000000,78106.26000000,0.67096000
1779030720000,78106.26000000,78106.26000000,78090.66000000,78095.11000000,1.37686000
1779030780000,78095.12000000,78100.47000000,78095.11000000,78098.54000000,0.79236000
1779030840000,78098.54000000,78098.54000000,78089.46000000,78089.47000000,3.46182000
1779030900000,78089.47000000,78089.47000000,78039.99000000,78040.00000000,6.80064000
1779030960000,78040.00000000,78040.00000000,77950.00000000,77985.39000000,15.06597000
1779031020000,77985.39000000,77985.39000000,77941.96000000,77948.38000000,6.66761000
1779031080000,77948.38000000,77985.39000000,77920.76000000,77982.03000000,3.66147000
1779031140000,77982.03000000,78070.00000000,77982.03000000,78069.99000000,9.76747000
1779031200000,78070.00000000,78070.77000000,78037.04000000,78037.04000000,4.31796000
1779031260000,78037.04000000,78045.25000000,78037.04000000,78045.25000000,0.80007000
1779031320000,78045.24000000,78045.25000000,78039.13000000,78039.13000000,1.06829000
1779031380000,78039.14000000,78045.01000000,78030.91000000,78040.54000000,2.01364000
1779031440000,78040.54000000,78052.54000000,78040.53000000,78052.54000000,2.02562000
1779031500000,78052.53000000,78052.53000000,78026.34000000,78026.34000000,1.67231000
1779031560000,78026.00000000,78027.94000000,78017.96000000,78027.93000000,1.18508000
1779031620000,78027.94000000,78027.94000000,78027.93000000,78027.94000000,1.70900000
1779031680000,78027.93000000,78027.94000000,78015.20000000,78017.37000000,1.21933000
1779031740000,78017.36000000,78017.37000000,77978.30000000,77990.07000000,6.92136000
1779031800000,77990.06000000,78014.30000000,77990.06000000,78014.29000000,1.27392000
1779031860000,78014.29000000,78036.76000000,78014.29000000,78036.76000000,1.57243000
1779031920000,78036.76000000,78047.41000000,78036.75000000,78043.89000000,0.99445000
1779031980000,78043.89000000,78043.89000000,78038.46000000,78042.52000000,0.77173000
1779032040000,78042.51000000,78043.88000000,78042.51000000,78043.88000000,0.29247000
1779032100000,78043.87000000,78059.21000000,78043.87000000,78047.64000000,4.59679000
1779032160000,78047.63000000,78047.63000000,78010.00000000,78010.01000000,2.26340000
1779032220000,78010.01000000,78025.22000000,78006.00000000,78025.21000000,1.14462000
1779032280000,78025.22000000,78025.22000000,78025.21000000,78025.22000000,0.99104000
1779032340000,78025.21000000,78046.79000000,78025.21000000,78032.73000000,3.31441000
1779032400000,78032.72000000,78032.72000000,78021.85000000,78031.99000000,1.70546000
1779032460000,78032.00000000,78050.00000000,77992.37000000,78032.02000000,20.16933000
1779032520000,78032.02000000,78034.00000000,77981.99000000,77994.47000000,12.98691000
1779032580000,77994.47000000,78005.99000000,77994.47000000,78005.99000000,0.81044000
1779032640000,78005.99000000,78034.00000000,78005.98000000,78034.00000000,3.56939000
1779032700000,78034.00000000,78034.00000000,78032.00000000,78032.00000000,1.13983000
1779032760000,78032.01000000,78032.01000000,78012.41000000,78015.21000000,0.80695000
1779032820000,78015.22000000,78034.00000000,78015.21000000,78034.00000000,1.19803000
1779032880000,78034.00000000,78050.00000000,78034.00000000,78050.00000000,4.42559000
1779032940000,78050.00000000,78066.00000000,78050.00000000,78051.32000000,4.60231000
1779033000000,78051.33000000,78051.33000000,78037.74000000,78037.75000000,2.03890000
1779033060000,78037.74000000,78037.75000000,78037.74000000,78037.74000000,1.01733000
1779033120000,78037.75000000,78052.73000000,78037.74000000,78052.73000000,4.30781000
1779033180000,78052.74000000,78052.74000000,78049.47000000,78049.48000000,5.12289000
1779033240000,78049.48000000,78061.12000000,78049.47000000,78052.20000000,6.07663000
1779033300000,78052.20000000,78052.21000000,78052.20000000,78052.21000000,1.84603000
1779033360000,78052.21000000,78066.25000000,78052.20000000,78066.24000000,2.03764000
1779033420000,78066.25000000,78066.25000000,78051.41000000,78051.42000000,0.97485000
1779033480000,78051.41000000,78051.42000000,78048.36000000,78048.36000000,0.90786000
1779033540000,78048.36000000,78051.42000000,78048.36000000,78051.41000000,4.14212000
1779033600000,78051.42000000,78075.03000000,78051.41000000,78075.02000000,1.46132000
1779033660000,78075.03000000,78096.00000000,78075.02000000,78093.62000000,1.22968000
1779033720000,78093.62000000,78093.62000000,78080.50000000,78080.50000000,0.82486000
1779033780000,78080.51000000,78127.22000000,78080.50000000,78127.21000000,4.60767000
1779033840000,78127.21000000,78127.21000000,78106.75000000,78106.75000000,2.71744000
1779033900000,78106.75000000,78106.75000000,78086.68000000,78086.68000000,0.78323000
1779033960000,78086.68000000,78090.01000000,78086.68000000,78090.00000000,0.87332000
1779034020000,78090.01000000,78104.72000000,78090.00000000,78093.49000000,2.65810000
1779034080000,78093.49000000,78093.50000000,78093.49000000,78093.49000000,0.60783000
1779034140000,78093.49000000,78093.50000000,78093.49000000,78093.50000000,0.18890000
1779034200000,78093.49000000,78093.50000000,78093.49000000,78093.49000000,0.23869000
1779034260000,78093.49000000,78093.50000000,78066.94000000,78066.95000000,2.82521000
1779034320000,78066.95000000,78066.95000000,78066.94000000,78066.94000000,0.92457000
1779034380000,78066.95000000,78066.95000000,78058.38000000,78058.39000000,3.19861000
1779034440000,78058.39000000,78062.83000000,78054.58000000,78062.83000000,1.52252000
1779034500000,78062.83000000,78062.83000000,78057.11000000,78057.11000000,1.55315000
1779034560000,78057.12000000,78066.25000000,78048.36000000,78066.25000000,3.20143000
1779034620000,78066.25000000,78092.44000000,78066.24000000,78069.73000000,2.78664000
1779034680000,78069.73000000,78090.81000000,78069.72000000,78090.81000000,0.53989000
1779034740000,78090.82000000,78090.82000000,78071.25000000,78071.26000000,1.23648000
1779034800000,78071.26000000,78082.12000000,78063.42000000,78082.11000000,1.76119000
1779034860000,78082.12000000,78082.12000000,78082.11000000,78082.11000000,0.35295000
1779034920000,78082.12000000,78082.12000000,78082.11000000,78082.12000000,0.72771000
1779034980000,78082.12000000,78082.12000000,78059.72000000,78066.25000000,2.01519000
1779035040000,78066.24000000,78087.95000000,78066.24000000,78087.95000000,1.43446000
1779035100000,78087.95000000,78111.72000000,78087.94000000,78111.71000000,2.32694000
1779035160000,78111.71000000,78142.85000000,78111.71000000,78130.01000000,5.33332000
1779035220000,78130.02000000,78130.02000000,78123.99000000,78128.36000000,0.47116000
1779035280000,78128.37000000,78135.80000000,78128.36000000,78135.79000000,0.98483000
1779035340000,78135.79000000,78141.36000000,78135.79000000,78141.36000000,0.62259000
1779035400000,78141.36000000,78161.18000000,78133.04000000,78133.05000000,6.39919000
1779035460000,78133.05000000,78141.36000000,78133.04000000,78134.58000000,2.35343000
1779035520000,78134.57000000,78136.00000000,78128.36000000,78132.48000000,1.69721000
1779035580000,78132.48000000,78132.48000000,78132.47000000,78132.48000000,0.37894000
1779035640000,78132.47000000,78132.48000000,78118.00000000,78119.50000000,1.00090000
1779035700000,78119.50000000,78119.50000000,78111.72000000,78111.73000000,0.36010000
1779035760000,78111.72000000,78132.48000000,78111.72000000,78132.47000000,0.96279000
1779035820000,78132.48000000,78132.48000000,78132.47000000,78132.47000000,0.91633000
1779035880000,78132.47000000,78147.00000000,78132.47000000,78141.96000000,1.08073000
1779035940000,78141.96000000,78141.97000000,78141.96000000,78141.97000000,0.16845000
1779036000000,78141.96000000,78157.00000000,78141.96000000,78156.99000000,1.24852000
1779036060000,78157.00000000,78171.03000000,78156.99000000,78160.86000000,1.88756000
1779036120000,78160.86000000,78166.13000000,78149.92000000,78166.13000000,2.76969000
1779036180000,78166.14000000,78193.66000000,78157.67000000,78157.67000000,11.30216000
1779036240000,78157.68000000,78171.03000000,78157.68000000,78171.03000000,1.02020000
1779036300000,78171.02000000,78171.03000000,78160.68000000,78160.69000000,1.49601000
1779036360000,78160.69000000,78160.69000000,78130.13000000,78130.13000000,11.14503000
1779036420000,78130.13000000,78130.14000000,78102.30000000,78102.30000000,2.79251000
1779036480000,78102.30000000,78107.01000000,78100.00000000,78107.01000000,1.92256000
1779036540000,78107.00000000,78107.01000000,78107.00000000,78107.01000000,1.64536000
1779036600000,78107.00000000,78107.01000000,78054.84000000,78054.84000000,5.25384000
1779036660000,78054.84000000,78074.48000000,78054.84000000,78074.47000000,1.68658000
1779036720000,78074.48000000,78084.57000000,78074.47000000,78084.57000000,1.04065000
1779036780000,78084.56000000,78084.57000000,78063.26000000,78063.26000000,1.67638000
1779036840000,78063.27000000,78127.01000000,78063.26000000,78127.01000000,11.22593000
1779036900000,78127.01000000,78127.01000000,78040.43000000,78057.65000000,13.35155000
1779036960000,78057.65000000,78057.66000000,78057.65000000,78057.65000000,0.33263000
1779037020000,78057.66000000,78066.25000000,78050.76000000,78056.06000000,1.41089000
1779037080000,78056.06000000,78056.07000000,78044.78000000,78044.78000000,0.58770000
1779037140000,78044.79000000,78044.79000000,78025.23000000,78034.36000000,3.75617000
1779037200000,78034.37000000,78048.00000000,78028.41000000,78028.41000000,1.22377000
1779037260000,78028.40000000,78028.41000000,77942.22000000,77974.19000000,46.27166000
1779037320000,77974.18000000,78007.57000000,77974.18000000,78000.53000000,3.10571000
1779037380000,78000.54000000,78019.16000000,78000.53000000,78013.66000000,3.13987000
1779037440000,78013.67000000,78028.98000000,78013.66000000,78028.98000000,0.91991000
1779037500000,78028.98000000,78028.98000000,78009.80000000,78009.81000000,0.87640000
1779037560000,78009.80000000,78011.22000000,78000.00000000,78000.00000000,0.74070000
1779037620000,78000.00000000,78011.22000000,78000.00000000,78011.21000000,0.45003000
1779037680000,78011.21000000,78055.80000000,78007.63000000,78040.96000000,23.51320000
1779037740000,78040.95000000,78040.95000000,78022.31000000,78033.27000000,7.97444000
1779037800000,78033.28000000,78033.28000000,77990.92000000,77990.93000000,1.27896000
1779037860000,77990.92000000,77990.93000000,77963.14000000,77963.15000000,2.78005000
1779037920000,77963.14000000,77963.14000000,77908.53000000,77910.34000000,14.86695000
1779037980000,77910.34000000,77910.34000000,77892.18000000,77895.34000000,11.27890000
1779038040000,77895.34000000,77921.37000000,77895.34000000,77920.16000000,4.95671000
1779038100000,77920.17000000,77945.06000000,77920.16000000,77945.05000000,3.08762000
1779038160000,77945.06000000,77965.28000000,77945.05000000,77965.28000000,1.44657000
1779038220000,77965.27000000,77965.27000000,77935.65000000,77935.65000000,1.84078000
1779038280000,77935.65000000,77935.66000000,77856.69000000,77901.67000000,24.25478000
1779038340000,77901.67000000,77951.38000000,77901.66000000,77936.81000000,5.92485000
1779038400000,77936.82000000,77974.93000000,77934.43000000,77974.93000000,2.95385000
1779038460000,77974.93000000,77974.93000000,77974.92000000,77974.92000000,0.36491000
1779038520000,77974.92000000,77974.93000000,77961.46000000,77964.97000000,0.95257000
1779038580000,77964.97000000,77986.23000000,77964.97000000,77986.23000000,1.42183000
1779038640000,77986.22000000,77986.23000000,77974.22000000,77977.73000000,1.55916000
1779038700000,77977.74000000,77977.74000000,77935.93000000,77961.47000000,12.05581000
1779038760000,77961.47000000,77961.47000000,77946.63000000,77946.64000000,1.53769000
1779038820000,77946.64000000,77946.64000000,77946.63000000,77946.64000000,0.63638000
1779038880000,77946.64000000,77961.47000000,77946.63000000,77961.46000000,2.76098000
1779038940000,77961.46000000,77987.62000000,77961.46000000,77987.62000000,7.44993000
1779039000000,77987.62000000,77989.99000000,77977.13000000,77977.13000000,4.98169000
1779039060000,77977.14000000,77977.14000000,77977.13000000,77977.14000000,0.43966000
1779039120000,77977.14000000,77977.14000000,77902.20000000,77946.15000000,4.71273000
1779039180000,77946.14000000,77961.47000000,77939.94000000,77943.46000000,2.27060000
1779039240000,77943.45000000,77999.99000000,77943.45000000,77999.99000000,9.29379000
1779039300000,78000.00000000,78014.16000000,77969.90000000,77969.90000000,5.25606000
1779039360000,77969.90000000,77973.73000000,77969.90000000,77973.73000000,0.57081000
1779039420000,77973.73000000,77973.73000000,77940.26000000,77952.49000000,1.99566000
1779039480000,77952.48000000,77957.37000000,77925.08000000,77932.22000000,7.03964000
1779039540000,77932.21000000,78009.71000000,77915.06000000,78009.71000000,38.49544000
1779039600000,78009.70000000,78009.71000000,77996.00000000,77996.63000000,2.55638000
1779039660000,77996.63000000,78000.57000000,77993.39000000,78000.57000000,1.08233000
1779039720000,78000.58000000,78013.27000000,78000.57000000,78013.27000000,1.50502000
1779039780000,78013.27000000,78022.20000000,78013.26000000,78022.20000000,1.07703000
1779039840000,78022.20000000,78050.00000000,78022.20000000,78049.99000000,1.27330000
1779039900000,78050.00000000,78057.84000000,78022.19000000,78025.63000000,4.67484000
1779039960000,78025.63000000,78054.07000000,78025.62000000,78046.57000000,2.94380000
1779040020000,78046.58000000,78046.58000000,78036.00000000,78036.01000000,0.32010000
1779040080000,78036.01000000,78049.92000000,78036.00000000,78049.91000000,0.35335000
1779040140000,78049.91000000,78066.25000000,78049.91000000,78066.25000000,1.66143000
1779040200000,78066.25000000,78066.25000000,78066.24000000,78066.25000000,0.52051000
1779040260000,78066.25000000,78066.25000000,78057.77000000,78057.78000000,1.72614000
1779040320000,78057.78000000,78057.78000000,78057.77000000,78057.78000000,0.27579000
1779040380000,78057.78000000,78060.00000000,78045.24000000,78057.93000000,2.89975000
1779040440000,78057.94000000,78057.94000000,78053.41000000,78053.42000000,0.40266000
1779040500000,78053.42000000,78073.67000000,78053.41000000,78073.66000000,2.28761000
1779040560000,78073.67000000,78092.44000000,78073.66000000,78082.17000000,2.53949000
1779040620000,78082.17000000,78082.17000000,78073.66000000,78073.66000000,0.36025000
1779040680000,78073.67000000,78073.67000000,78073.66000000,78073.66000000,0.19304000
1779040740000,78073.66000000,78089.99000000,78073.66000000,78089.98000000,1.10503000
1779040800000,78089.99000000,78089.99000000,78076.20000000,78076.20000000,1.61957000
1779040860000,78076.21000000,78112.72000000,78076.21000000,78112.72000000,1.47444000
1779040920000,78112.72000000,78152.84000000,78112.72000000,78152.83000000,2.12303000
1779040980000,78152.84000000,78184.45000000,78152.84000000,78184.44000000,4.27409000
1779041040000,78184.44000000,78245.15000000,78180.96000000,78189.89000000,19.01715000
1779041100000,78189.89000000,78223.05000000,78189.88000000,78223.04000000,2.65345000
1779041160000,78223.05000000,78225.16000000,78201.49000000,78212.20000000,4.38004000
1779041220000,78212.20000000,78212.20000000,78192.61000000,78192.62000000,0.86340000
1779041280000,78192.61000000,78192.62000000,78163.28000000,78163.91000000,3.88856000
1779041340000,78163.91000000,78163.92000000,78132.60000000,78133.09000000,2.39082000
1779041400000,78133.08000000,78154.91000000,78133.08000000,78142.12000000,1.19623000
1779041460000,78142.13000000,78154.91000000,78133.01000000,78133.02000000,2.23806000
1779041520000,78133.02000000,78147.33000000,78133.01000000,78147.33000000,0.57290000
1779041580000,78147.32000000,78160.81000000,78147.32000000,78160.81000000,0.96498000
1779041640000,78160.80000000,78160.81000000,78125.48000000,78125.48000000,9.97040000
1779041700000,78125.48000000,78135.35000000,78125.48000000,78135.35000000,1.72438000
1779041760000,78135.34000000,78135.35000000,78135.34000000,78135.35000000,0.29233000
1779041820000,78135.35000000,78146.29000000,78129.17000000,78129.17000000,1.83984000
1779041880000,78129.17000000,78129.18000000,78093.51000000,78093.51000000,1.59492000
1779041940000,78093.52000000,78093.52000000,78054.90000000,78054.91000000,4.22911000
1779042000000,78054.90000000,78057.43000000,78027.63000000,78039.82000000,7.96464000
1779042060000,78039.82000000,78043.55000000,78015.35000000,78015.35000000,6.73975000
1779042120000,78015.35000000,78040.00000000,78014.33000000,78040.00000000,2.74473000
1779042180000,78040.00000000,78040.00000000,78039.98000000,78039.99000000,4.69268000
1779042240000,78039.98000000,78065.36000000,78039.98000000,78065.35000000,1.98504000
1779042300000,78065.36000000,78092.44000000,78065.35000000,78092.43000000,1.91769000
1779042360000,78092.44000000,78117.36000000,78092.43000000,78114.63000000,3.56674000
1779042420000,78114.63000000,78131.18000000,78114.63000000,78131.17000000,1.70990000
1779042480000,78131.17000000,78136.99000000,78119.78000000,78126.51000000,3.69003000
1779042540000,78126.52000000,78136.99000000,78126.51000000,78136.99000000,1.02733000
1779042600000,78136.98000000,78140.00000000,78124.50000000,78124.51000000,0.97587000
1779042660000,78124.50000000,78135.19000000,78124.50000000,78135.19000000,0.74899000
1779042720000,78135.18000000,78159.60000000,78135.18000000,78159.60000000,2.04471000
1779042780000,78159.60000000,78171.03000000,78149.73000000,78153.98000000,2.04946000
1779042840000,78153.98000000,78161.51000000,78127.42000000,78127.42000000,1.17880000
1779042900000,78127.43000000,78143.54000000,78127.42000000,78143.54000000,0.78099000
1779042960000,78143.54000000,78143.54000000,78143.53000000,78143.53000000,0.27939000
1779043020000,78143.54000000,78143.54000000,78143.53000000,78143.54000000,0.45501000
1779043080000,78143.53000000,78147.33000000,78143.53000000,78147.32000000,1.70358000
1779043140000,78147.33000000,78147.33000000,78146.42000000,78146.42000000,0.18958000
1779043200000,78146.42000000,78146.43000000,78131.33000000,78139.99000000,2.27416000
1779043260000,78139.99000000,78139.99000000,78131.81000000,78131.82000000,0.89627000
1779043320000,78131.81000000,78140.00000000,78131.81000000,78140.00000000,0.62074000
1779043380000,78140.00000000,78140.00000000,78137.29000000,78137.29000000,0.24795000
1779043440000,78137.29000000,78137.30000000,78130.33000000,78130.33000000,2.14686000
1779043500000,78130.33000000,78134.00000000,78124.50000000,78125.23000000,2.29267000
1779043560000,78125.23000000,78128.87000000,78118.00000000,78128.87000000,1.59881000
1779043620000,78128.87000000,78128.87000000,78125.99000000,78126.00000000,0.51888000
1779043680000,78125.99000000,78134.78000000,78125.99000000,78134.78000000,0.90488000
1779043740000,78134.77000000,78166.96000000,78134.77000000,78166.95000000,1.70738000
1779043800000,78166.95000000,78171.03000000,78152.39000000,78171.02000000,2.48346000
1779043860000,78171.02000000,78175.53000000,78163.82000000,78175.52000000,2.73952000
1779043920000,78175.52000000,78175.53000000,78175.52000000,78175.53000000,0.50952000
1779043980000,78175.52000000,78205.16000000,78175.52000000,78205.15000000,2.64779000
1779044040000,78205.15000000,78205.16000000,78198.36000000,78198.37000000,1.21763000
1779044100000,78198.36000000,78233.41000000,78198.36000000,78232.05000000,2.18684000
1779044160000,78232.04000000,78232.05000000,78220.00000000,78220.00000000,1.21073000
1779044220000,78220.01000000,78271.59000000,78220.00000000,78244.01000000,16.15227000
1779044280000,78244.01000000,78244.01000000,78231.07000000,78239.30000000,8.60732000
1779044340000,78239.29000000,78271.59000000,78239.29000000,78268.05000000,7.71787000
1779044400000,78268.04000000,78275.80000000,78267.28000000,78275.80000000,0.76622000
1779044460000,78275.79000000,78275.79000000,78250.17000000,78250.17000000,2.30227000
1779044520000,78250.18000000,78281.55000000,78250.17000000,78277.46000000,4.28160000
1779044580000,78277.46000000,78277.47000000,78251.44000000,78251.44000000,2.38947000
1779044640000,78251.45000000,78275.79000000,78225.40000000,78275.79000000,25.17681000
1779044700000,78275.79000000,78275.80000000,78256.93000000,78256.93000000,4.77349000
1779044760000,78256.93000000,78260.29000000,78246.43000000,78260.29000000,3.27443000
1779044820000,78260.29000000,78273.27000000,78260.29000000,78273.26000000,0.91755000
1779044880000,78273.27000000,78298.00000000,78273.26000000,78281.47000000,2.51067000
1779044940000,78281.47000000,78281.47000000,78262.57000000,78262.58000000,1.11935000
1779045000000,78262.57000000,78262.57000000,78238.33000000,78241.34000000,3.46993000
1779045060000,78241.34000000,78245.28000000,78241.34000000,78245.28000000,0.29134000
1779045120000,78245.28000000,78245.28000000,78240.55000000,78240.56000000,1.77568000
1779045180000,78240.56000000,78243.56000000,78240.55000000,78243.55000000,2.21456000
1779045240000,78243.56000000,78262.91000000,78243.55000000,78262.91000000,11.78292000
1779045300000,78262.90000000,78262.91000000,78244.77000000,78244.77000000,0.90014000
1779045360000,78244.77000000,78259.88000000,78244.77000000,78255.54000000,0.69875000
1779045420000,78255.55000000,78255.55000000,78247.97000000,78247.97000000,0.82794000
1779045480000,78247.98000000,78247.98000000,78247.97000000,78247.97000000,0.41987000
1779045540000,78247.97000000,78247.98000000,78247.97000000,78247.97000000,0.28307000
1779045600000,78247.97000000,78247.98000000,78244.78000000,78244.79000000,0.56579000
1779045660000,78244.78000000,78259.59000000,78244.78000000,78259.59000000,3.12789000
1779045720000,78259.58000000,78275.81000000,78259.58000000,78275.81000000,0.86824000
1779045780000,78275.80000000,78300.00000000,78275.80000000,78280.67000000,2.55183000
1779045840000,78280.67000000,78280.67000000,78233.03000000,78233.03000000,9.30665000
1779045900000,78233.04000000,78247.98000000,78233.04000000,78242.11000000,1.58776000
1779045960000,78242.12000000,78246.63000000,78242.11000000,78246.63000000,1.73229000
1779046020000,78246.63000000,78246.63000000,78240.24000000,78240.24000000,0.66587000
1779046080000,78240.25000000,78243.77000000,78229.75000000,78243.77000000,3.83553000
1779046140000,78243.77000000,78243.77000000,78228.17000000,78228.18000000,6.85514000
1779046200000,78228.17000000,78238.31000000,78228.17000000,78238.31000000,0.42861000
1779046260000,78238.30000000,78238.31000000,78238.30000000,78238.31000000,0.13748000
1779046320000,78238.30000000,78241.18000000,78238.30000000,78241.17000000,0.49380000
1779046380000,78241.18000000,78241.18000000,78235.98000000,78235.98000000,1.15164000
1779046440000,78235.99000000,78235.99000000,78228.17000000,78228.17000000,5.53596000
1779046500000,78228.17000000,78228.18000000,78209.96000000,78223.21000000,9.32005000
1779046560000,78223.21000000,78243.37000000,78223.20000000,78243.37000000,0.61154000
1779046620000,78243.36000000,78243.37000000,78243.36000000,78243.36000000,0.22858000
1779046680000,78243.36000000,78250.00000000,78243.36000000,78249.99000000,0.54460000
1779046740000,78250.00000000,78298.58000000,78249.99000000,78298.57000000,4.81726000
1779046800000,78298.58000000,78381.31000000,78298.57000000,78363.80000000,15.09330000
1779046860000,78363.81000000,78363.81000000,78352.10000000,78356.39000000,1.92953000
1779046920000,78356.40000000,78420.32000000,78352.94000000,78380.05000000,11.62408000
1779046980000,78380.05000000,78387.11000000,78380.04000000,78386.09000000,2.37764000
1779047040000,78386.09000000,78387.11000000,78383.92000000,78383.93000000,1.88783000
1779047100000,78383.92000000,78383.93000000,78354.01000000,78354.01000000,3.60258000
1779047160000,78354.02000000,78363.12000000,78354.01000000,78363.12000000,2.84688000
1779047220000,78363.12000000,78414.79000000,78363.12000000,78408.11000000,3.99585000
1779047280000,78408.11000000,78427.30000000,78404.57000000,78421.87000000,2.09707000
1779047340000,78421.86000000,78431.44000000,78413.00000000,78431.44000000,2.23670000
1779047400000,78431.44000000,78452.00000000,78431.44000000,78451.99000000,12.30472000
1779047460000,78451.99000000,78468.46000000,78451.99000000,78454.72000000,3.78833000
1779047520000,78454.73000000,78454.73000000,78452.28000000,78452.29000000,1.33779000
1779047580000,78452.29000000,78467.74000000,78452.28000000,78467.73000000,1.44329000
1779047640000,78467.74000000,78467.74000000,78419.39000000,78419.39000000,11.28652000
1779047700000,78419.40000000,78419.40000000,78394.18000000,78400.00000000,3.14209000
1779047760000,78400.00000000,78400.00000000,78399.99000000,78400.00000000,0.28973000
1779047820000,78400.00000000,78400.00000000,78399.99000000,78399.99000000,0.72199000
1779047880000,78399.99000000,78400.00000000,78399.99000000,78399.99000000,0.38725000
1779047940000,78399.99000000,78427.71000000,78383.07000000,78415.30000000,18.38709000
1779048000000,78415.29000000,78430.00000000,78415.29000000,78430.00000000,1.33039000
1779048060000,78430.00000000,78435.32000000,78429.99000000,78435.31000000,1.40925000
1779048120000,78435.31000000,78435.32000000,78410.25000000,78410.26000000,3.89186000
1779048180000,78410.25000000,78410.25000000,78389.89000000,78389.89000000,3.39805000
1779048240000,78389.89000000,78389.90000000,78368.78000000,78389.89000000,3.82955000
1779048300000,78389.89000000,78389.90000000,78389.89000000,78389.90000000,0.25421000
1779048360000,78389.89000000,78389.90000000,78377.12000000,78377.13000000,3.68732000
1779048420000,78377.13000000,78377.13000000,78349.07000000,78349.07000000,4.19072000
1779048480000,78349.08000000,78349.08000000,78349.07000000,78349.08000000,0.39619000
1779048540000,78349.08000000,78349.08000000,78349.07000000,78349.08000000,0.36891000
1779048600000,78349.07000000,78349.07000000,78337.11000000,78337.11000000,1.48029000
1779048660000,78337.11000000,78361.88000000,78332.43000000,78361.87000000,4.20646000
1779048720000,78361.87000000,78364.00000000,78361.87000000,78363.99000000,0.85752000
1779048780000,78363.99000000,78364.00000000,78351.74000000,78357.58000000,4.62156000
1779048840000,78357.58000000,78357.58000000,78341.07000000,78341.07000000,3.78554000
1779048900000,78341.07000000,78341.08000000,78335.50000000,78337.45000000,1.19965000
1779048960000,78337.45000000,78337.45000000,78319.22000000,78322.98000000,5.66365000
1779049020000,78322.99000000,78346.93000000,78322.98000000,78332.10000000,1.92861000
1779049080000,78332.09000000,78332.10000000,78326.28000000,78326.28000000,1.52004000
1779049140000,78326.28000000,78326.28000000,78300.00000000,78300.01000000,4.17300000
1779049200000,78300.00000000,78300.01000000,78248.80000000,78248.81000000,8.25103000
1779049260000,78248.81000000,78303.31000000,78248.81000000,78290.38000000,12.15848000
1779049320000,78290.38000000,78290.38000000,78281.49000000,78281.49000000,2.08840000
1779049380000,78281.49000000,78291.24000000,78281.49000000,78291.23000000,0.94599000
1779049440000,78291.23000000,78299.06000000,78283.06000000,78283.06000000,3.96579000
1779049500000,78283.07000000,78296.15000000,78283.06000000,78296.14000000,1.00357000
1779049560000,78296.15000000,78296.15000000,78286.96000000,78286.97000000,1.92878000
1779049620000,78286.97000000,78293.33000000,78286.97000000,78293.33000000,0.63493000
1779049680000,78293.32000000,78293.32000000,78287.59000000,78287.60000000,2.44747000
1779049740000,78287.59000000,78291.02000000,78287.59000000,78291.02000000,1.17538000
1779049800000,78291.01000000,78330.00000000,78291.01000000,78329.99000000,3.42043000
1779049860000,78330.00000000,78356.84000000,78330.00000000,78338.86000000,4.07270000
1779049920000,78338.85000000,78367.49000000,78338.85000000,78367.48000000,3.46418000
1779049980000,78367.49000000,78367.49000000,78359.99000000,78359.99000000,1.38999000
1779050040000,78359.99000000,78360.00000000,78286.14000000,78286.14000000,14.41140000
1779050100000,78286.15000000,78313.78000000,78286.15000000,78313.78000000,16.50955000
1779050160000,78313.78000000,78317.27000000,78313.77000000,78317.26000000,0.93774000
1779050220000,78317.27000000,78317.27000000,78272.00000000,78278.89000000,19.81415000
1779050280000,78278.90000000,78278.90000000,78249.35000000,78260.00000000,18.13430000
1779050340000,78260.00000000,78299.34000000,78259.99000000,78299.34000000,7.28929000
1779050400000,78299.34000000,78299.34000000,78291.26000000,78291.26000000,0.50000000
1779050460000,78291.26000000,78291.27000000,78284.05000000,78284.06000000,0.89217000
1779050520000,78284.06000000,78284.06000000,78284.05000000,78284.05000000,0.39565000
1779050580000,78284.05000000,78299.29000000,78284.05000000,78299.29000000,0.55677000
1779050640000,78299.29000000,78303.22000000,78295.25000000,78295.26000000,0.70595000
1779050700000,78295.26000000,78295.26000000,78291.28000000,78291.28000000,2.73752000
1779050760000,78291.29000000,78305.68000000,78291.28000000,78305.68000000,1.31859000
1779050820000,78305.68000000,78305.68000000,78286.89000000,78286.89000000,1.11457000
1779050880000,78286.90000000,78289.16000000,78277.35000000,78289.16000000,5.25872000
1779050940000,78289.15000000,78289.16000000,78289.15000000,78289.15000000,0.79751000
1779051000000,78289.15000000,78291.48000000,78289.15000000,78291.47000000,1.71268000
1779051060000,78291.47000000,78291.48000000,78291.47000000,78291.48000000,0.17628000
1779051120000,78291.48000000,78291.48000000,78291.47000000,78291.48000000,0.45285000
1779051180000,78291.48000000,78291.48000000,78279.21000000,78279.22000000,1.06178000
1779051240000,78279.22000000,78283.04000000,78279.21000000,78283.04000000,3.56817000
1779051300000,78283.03000000,78286.86000000,78283.03000000,78286.86000000,1.25875000
1779051360000,78286.85000000,78286.86000000,78286.85000000,78286.85000000,0.18784000
1779051420000,78286.86000000,78286.86000000,78286.85000000,78286.85000000,0.14672000
1779051480000,78286.86000000,78296.34000000,78286.85000000,78296.33000000,1.20411000
1779051540000,78296.33000000,78296.34000000,78277.36000000,78277.36000000,5.10814000
1779051600000,78277.36000000,78277.36000000,78258.00000000,78272.24000000,1.07368000
1779051660000,78272.24000000,78294.30000000,78272.24000000,78294.30000000,2.34356000
1779051720000,78294.30000000,78294.30000000,78246.50000000,78246.51000000,3.13151000
1779051780000,78246.51000000,78246.51000000,78243.50000000,78243.51000000,0.36668000
1779051840000,78243.51000000,78253.52000000,78243.50000000,78253.51000000,1.61931000
1779051900000,78253.52000000,78253.52000000,78253.51000000,78253.51000000,0.57763000
1779051960000,78253.51000000,78253.52000000,78253.51000000,78253.51000000,0.18537000
1779052020000,78253.51000000,78253.54000000,78253.51000000,78253.54000000,0.80076000
1779052080000,78253.53000000,78263.29000000,78253.53000000,78263.29000000,2.34925000
1779052140000,78263.29000000,78263.29000000,78263.28000000,78263.28000000,0.27560000
1779052200000,78263.28000000,78275.81000000,78263.28000000,78275.81000000,3.96467000
1779052260000,78275.80000000,78277.01000000,78275.80000000,78277.01000000,1.30714000
1779052320000,78277.01000000,78277.01000000,78263.90000000,78263.90000000,15.09346000
1779052380000,78263.90000000,78280.00000000,78263.90000000,78280.00000000,5.45408000
1779052440000,78280.00000000,78295.14000000,78280.00000000,78295.13000000,1.52837000
1779052500000,78295.13000000,78295.14000000,78272.00000000,78272.00000000,2.57814000
1779052560000,78272.00000000,78275.81000000,78272.00000000,78275.80000000,1.22657000
1779052620000,78275.81000000,78275.81000000,78269.41000000,78269.41000000,2.08781000
1779052680000,78269.42000000,78275.81000000,78269.41000000,78275.80000000,0.84741000
1779052740000,78275.80000000,78308.00000000,78275.80000000,78308.00000000,3.01498000
1779052800000,78307.99000000,78324.00000000,78307.99000000,78324.00000000,1.14932000
1779052860000,78324.00000000,78392.33000000,78323.99000000,78373.99000000,32.89819000
1779052920000,78373.99000000,78373.99000000,78366.92000000,78366.92000000,3.29968000
1779052980000,78366.93000000,78366.93000000,78366.92000000,78366.93000000,0.61032000
1779053040000,78366.93000000,78422.00000000,78366.93000000,78422.00000000,11.79908000
1779053100000,78422.60000000,78435.34000000,78419.99000000,78419.99000000,3.31392000
1779053160000,78419.99000000,78420.00000000,78389.75000000,78389.75000000,4.13529000
1779053220000,78389.75000000,78399.74000000,78379.03000000,78399.73000000,3.34951000
1779053280000,78399.73000000,78399.74000000,78399.73000000,78399.74000000,1.56955000
1779053340000,78399.74000000,78431.53000000,78399.74000000,78431.52000000,15.14643000
1779053400000,78431.52000000,78431.53000000,78424.12000000,78431.52000000,4.10001000
1779053460000,78431.53000000,78441.69000000,78431.52000000,78434.60000000,3.08697000
1779053520000,78434.04000000,78434.04000000,78404.84000000,78404.84000000,1.52477000
1779053580000,78404.85000000,78404.85000000,78386.55000000,78399.31000000,4.01028000
1779053640000,78399.31000000,78435.85000000,78399.30000000,78435.84000000,10.16666000
1779053700000,78435.84000000,78435.84000000,78422.59000000,78432.99000000,4.03636000
1779053760000,78432.98000000,78485.36000000,78432.98000000,78473.44000000,5.64782000
1779053820000,78473.44000000,78473.44000000,78388.27000000,78399.55000000,34.12090000
1779053880000,78399.56000000,78419.36000000,78399.56000000,78407.44000000,7.12160000
1779053940000,78407.45000000,78407.45000000,78389.73000000,78389.73000000,3.86539000
1779054000000,78389.73000000,78435.66000000,78368.63000000,78428.01000000,27.28022000
1779054060000,78428.00000000,78434.00000000,78426.26000000,78426.27000000,0.80964000
1779054120000,78426.27000000,78426.27000000,78407.13000000,78407.13000000,0.78822000
1779054180000,78407.14000000,78430.64000000,78407.13000000,78430.64000000,17.13361000
1779054240000,78430.64000000,78430.64000000,78430.63000000,78430.64000000,0.68771000
1779054300000,78430.64000000,78430.64000000,78422.03000000,78422.04000000,0.60906000
1779054360000,78422.04000000,78422.04000000,78392.76000000,78407.71000000,2.56859000
1779054420000,78408.00000000,78429.42000000,78408.00000000,78428.62000000,0.66326000
1779054480000,78428.62000000,78440.00000000,78428.62000000,78440.00000000,0.78761000
1779054540000,78440.00000000,78471.46000000,78421.49000000,78421.49000000,13.31067000
1779054600000,78421.50000000,78450.00000000,78421.49000000,78445.10000000,3.26112000
1779054660000,78445.09000000,78445.09000000,78416.00000000,78424.47000000,1.29713000
1779054720000,78424.47000000,78424.47000000,78417.95000000,78417.95000000,4.40433000
1779054780000,78417.96000000,78417.96000000,78400.59000000,78400.59000000,0.74635000
1779054840000,78400.59000000,78400.59000000,78392.38000000,78396.52000000,0.91546000
1779054900000,78396.52000000,78423.49000000,78396.51000000,78423.49000000,2.57874000
1779054960000,78423.48000000,78434.80000000,78423.48000000,78431.93000000,1.55694000
1779055020000,78431.94000000,78431.94000000,78430.55000000,78430.55000000,1.97503000
1779055080000,78430.55000000,78434.80000000,78430.55000000,78434.79000000,1.59658000
1779055140000,78434.79000000,78434.80000000,78404.36000000,78405.72000000,6.15221000
1779055200000,78405.72000000,78414.16000000,78344.68000000,78344.68000000,12.69512000
1779055260000,78344.69000000,78344.69000000,78230.82000000,78230.82000000,8.79284000
1779055320000,78230.83000000,78230.83000000,78066.24000000,78173.68000000,51.26770000
1779055380000,78173.67000000,78245.38000000,78160.88000000,78245.37000000,7.35795000
1779055440000,78245.38000000,78288.84000000,78235.11000000,78288.83000000,7.97512000
1779055500000,78288.84000000,78303.36000000,78272.24000000,78303.36000000,3.55812000
1779055560000,78303.37000000,78349.40000000,78303.37000000,78334.01000000,4.84755000
1779055620000,78334.01000000,78334.01000000,78240.49000000,78240.50000000,6.85827000
1779055680000,78240.49000000,78240.50000000,78194.23000000,78201.69000000,5.00352000
1779055740000,78201.69000000,78206.09000000,78118.00000000,78118.01000000,10.99134000
1779055800000,78118.01000000,78120.98000000,77950.00000000,78015.05000000,41.09697000
1779055860000,78015.06000000,78073.57000000,78015.06000000,78070.00000000,11.81634000
1779055920000,78070.00000000,78116.41000000,78070.00000000,78097.03000000,18.21233000
1779055980000,78097.03000000,78116.72000000,78097.03000000,78116.72000000,6.24268000
1779056040000,78116.72000000,78121.92000000,78116.71000000,78117.01000000,4.02882000
1779056100000,78117.01000000,78146.11000000,78092.30000000,78129.99000000,8.37220000
1779056160000,78130.00000000,78130.00000000,78066.57000000,78066.57000000,7.68775000
1779056220000,78066.33000000,78066.33000000,78014.33000000,78028.06000000,7.39975000
1779056280000,78028.06000000,78046.31000000,78018.00000000,78018.00000000,3.64785000
1779056340000,78018.01000000,78044.74000000,78018.01000000,78034.01000000,4.72835000
1779056400000,78034.01000000,78095.07000000,78034.01000000,78088.43000000,5.89080000
1779056460000,78088.43000000,78127.74000000,78072.00000000,78117.23000000,12.05146000
1779056520000,78117.24000000,78117.24000000,78050.01000000,78055.44000000,6.92335000
1779056580000,78055.44000000,78065.86000000,77947.36000000,77966.53000000,18.99681000
1779056640000,77966.53000000,78005.77000000,77956.26000000,78005.76000000,6.83781000
1779056700000,78005.77000000,78011.18000000,77980.00000000,78003.45000000,4.44424000
1779056760000,78003.44000000,78018.00000000,77950.58000000,77979.87000000,12.76092000
1779056820000,77979.88000000,78005.86000000,77979.87000000,77988.56000000,5.30332000
1779056880000,77988.57000000,77988.57000000,77967.52000000,77982.48000000,6.44041000
1779056940000,77982.48000000,78020.00000000,77982.47000000,77999.84000000,15.08780000
1779057000000,77999.26000000,78014.39000000,77985.00000000,78014.39000000,11.16334000
1779057060000,78014.39000000,78098.85000000,78014.39000000,78082.70000000,8.26235000
1779057120000,78082.70000000,78087.42000000,78061.16000000,78061.16000000,2.54564000
1779057180000,78061.16000000,78075.60000000,78040.67000000,78075.59000000,9.56162000
1779057240000,78075.59000000,78127.69000000,78075.59000000,78114.48000000,4.89528000
1779057300000,78114.48000000,78120.00000000,78091.36000000,78114.47000000,4.54095000
1779057360000,78114.47000000,78114.47000000,77989.44000000,77997.24000000,13.47672000
1779057420000,77997.24000000,78004.00000000,77950.00000000,78003.99000000,13.32099000
1779057480000,78003.99000000,78031.38000000,77984.98000000,78021.54000000,6.28454000
1779057540000,78021.53000000,78072.48000000,78021.53000000,78042.46000000,8.93203000
1779057600000,78042.46000000,78111.60000000,78042.46000000,78111.59000000,8.03730000
1779057660000,78111.59000000,78111.59000000,78059.03000000,78059.04000000,8.00164000
1779057720000,78059.03000000,78059.04000000,78059.03000000,78059.04000000,0.60222000
1779057780000,78059.03000000,78059.05000000,78059.03000000,78059.04000000,1.22927000
1779057840000,78059.04000000,78059.05000000,78037.74000000,78048.00000000,3.10227000
1779057900000,78048.00000000,78048.00000000,78000.75000000,78012.90000000,7.95374000
1779057960000,78012.89000000,78023.82000000,78006.77000000,78023.81000000,2.00026000
1779058020000,78023.82000000,78044.22000000,78010.39000000,78010.40000000,4.12596000
1779058080000,78010.40000000,78010.40000000,77985.34000000,77994.23000000,12.15123000
1779058140000,77994.24000000,78013.13000000,77994.23000000,78009.46000000,5.85002000
1779058200000,78009.47000000,78009.47000000,77958.56000000,77958.57000000,13.77345000
1779058260000,77958.56000000,77958.57000000,77884.00000000,77903.63000000,31.07306000
1779058320000,77903.63000000,77914.26000000,77830.00000000,77911.14000000,30.26001000
1779058380000,77911.14000000,77943.22000000,77900.01000000,77900.01000000,5.82463000
1779058440000,77900.00000000,77905.00000000,77880.67000000,77880.68000000,6.70286000
1779058500000,77880.67000000,77966.64000000,77880.67000000,77920.76000000,12.86193000
1779058560000,77920.76000000,77945.85000000,77904.70000000,77945.85000000,3.93582000
1779058620000,77945.85000000,77995.25000000,77932.19000000,77988.19000000,11.89734000
1779058680000,77988.20000000,77988.20000000,77958.69000000,77968.48000000,1.87406000
1779058740000,77968.47000000,78008.19000000,77968.47000000,77997.24000000,4.22871000
1779058800000,77997.24000000,78008.18000000,77939.18000000,77976.26000000,16.62727000
